doc_id,path,paragraph,sentence,tags,text
d6fbd4d0840e,D:\GitHub\faiththruphysics-site-data\B_consciousness\03-5D-Spiritual-Coordinate-Extension_normalized.txt,1,7,Faith,Couples to consciousness/faith/intention (observer-dependent in new way) four.
d6fbd4d0840e,D:\GitHub\faiththruphysics-site-data\B_consciousness\03-5D-Spiritual-Coordinate-Extension_normalized.txt,1,8,Grace;Prayer,"Has measurable physical effects (grace-entropy divergence, prayer efficacy, etc.) five."
d6fbd4d0840e,D:\GitHub\faiththruphysics-site-data\B_consciousness\03-5D-Spiritual-Coordinate-Extension_normalized.txt,1,13,God;Sanctification;Repentance;Prayer;Meditation;Suffering;Boundary,"Minimal extension (block-diagonal): an equation is shown here for reference Where an equation is shown here for reference (spiritual metric signature—choice determines topology) If an equation is shown here for reference (spacelike): Spiritual dimension behaves like spatial coordinate Can ""move"" in a mathematical expression is shown here for reference -direction via spiritual practices (prayer, meditation, repentance) Implies spiritual ""locality""—closer in a mathematical expression is shown here for reference = stronger coupling If an equation is shown here for reference (timelike): Spiritual dimension behaves like temporal coordinate ""Progress"" in a mathematical expression is shown here for reference is directional (irreversible sanctification?) Implies spiritual ""causality""—earlier in a mathematical expression is shown here for reference determines later If an equation is shown here for reference (null): Spiritual dimension is lightlike (boundary between space and time) Suggests spir"
d6fbd4d0840e,D:\GitHub\faiththruphysics-site-data\B_consciousness\03-5D-Spiritual-Coordinate-Extension_normalized.txt,1,15,Separation,"(Operationalizing Spiritual Coordinate) Key question: If I give you two individuals, how do I determine their separation a mathematical expression is shown here for reference in spiritual dimension?"
d6fbd4d0840e,D:\GitHub\faiththruphysics-site-data\B_consciousness\03-5D-Spiritual-Coordinate-Extension_normalized.txt,1,17,Coherence,"Moral Alignment ( an equation is shown here for reference ): Higher moral coherence approaches greater a mathematical expression is shown here for reference value Distance a change equation is shown here for reference measures moral gap between agents Empirical: Survey instruments (validated virtue scales, moral foundations questionnaire) two."
d6fbd4d0840e,D:\GitHub\faiththruphysics-site-data\B_consciousness\03-5D-Spiritual-Coordinate-Extension_normalized.txt,1,18,God;Grace;Faith;Prayer,"Receptivity to Grace ( an equation is shown here for reference ): Greater openness to divine influence approaches greater a mathematical expression is shown here for reference value Distance measures spiritual ""proximity to God"" Empirical: Faith metrics, prayer frequency, sacramental participation three."
d6fbd4d0840e,D:\GitHub\faiththruphysics-site-data\B_consciousness\03-5D-Spiritual-Coordinate-Extension_normalized.txt,1,19,Sanctification;Coherence;Sin,"Consciousness Clarity ( an equation is shown here for reference ): Higher integration of awareness approaches greater a mathematical expression is shown here for reference value Fragmentation (sin) = low a mathematical expression is shown here for reference; wholeness (sanctification) = high a mathematical expression is shown here for reference Empirical: Psychological coherence scales, mindfulness measures four."
d6fbd4d0840e,D:\GitHub\faiththruphysics-site-data\B_consciousness\03-5D-Spiritual-Coordinate-Extension_normalized.txt,1,20,Sanctification;Love;Patience;Interpretation,"Christlikeness ( an equation is shown here for reference ): Degree of conformity to Christ's nature approaches a mathematical expression is shown here for reference value Theological interpretation: Sanctification is motion through a mathematical expression is shown here for reference -space toward Christ Empirical: Behavioral fruit assessment (love, patience, self-control, etc.) Likely reality: a mathematical expression is shown here for reference is composite—multivariate function of all four: an equation is shown here for reference --- C."
d6fbd4d0840e,D:\GitHub\faiththruphysics-site-data\B_consciousness\03-5D-Spiritual-Coordinate-Extension_normalized.txt,1,22,Grace,"Einstein field equations (4D): an equation is shown here for reference Extended field equations (5D): an equation is shown here for reference Where: a mathematical expression is shown here for reference = Einstein tensor in 5D (curvature of spacetime+spiritual manifold) a mathematical expression is shown here for reference = Extended stress-energy tensor including spiritual energy density New components: a mathematical expression is shown here for reference = Spiritual energy density (grace field strength?) a mathematical expression is shown here for reference = Spacetime-spiritual energy flux (how grace affects matter, how matter affects spirit) Critical prediction: If $T_{ forty four } \neq zero spiritual ""mass-energy"" should gravitationally couple to spacetime curvature."
d6fbd4d0840e,D:\GitHub\faiththruphysics-site-data\B_consciousness\03-5D-Spiritual-Coordinate-Extension_normalized.txt,1,25,Grace,"If grace has energy density, it should: Warp spacetime (infinitesimally—way below current detection threshold) Affect photon trajectories near high-grace concentrations (holy sites, consecrated spaces) Contribute to cosmological mass-energy budget (dark energy = spiritual substrate?) --- IV."
d6fbd4d0840e,D:\GitHub\faiththruphysics-site-data\B_consciousness\03-5D-Spiritual-Coordinate-Extension_normalized.txt,1,26,God;Sanctification;Grace;Sin,Lagrangian Formulation with Spiritual Coordinate Action integral in 5D: an integral equation is shown here for reference Where an equation is shown here for reference (integration over all five dimensions) Fields now depend on spiritual coordinate: an equation is shown here for reference Grace field: a mathematical expression is shown here for reference Should be monotonically increasing with a mathematical expression is shown here for reference (higher spiritual coordinate = greater grace access) Proposed form: an equation with fractions is shown here for reference Where: a mathematical expression is shown here for reference = characteristic spiritual length scale Exponential in a mathematical expression is shown here for reference ensures grace grows unboundedly as a mathematical expression is shown here for reference (God's fullness) Sin field: a mathematical expression is shown here for reference Should be monotonically decreasing with a mathematical expression is shown here for re
d6fbd4d0840e,D:\GitHub\faiththruphysics-site-data\B_consciousness\03-5D-Spiritual-Coordinate-Extension_normalized.txt,1,27,God;Grace;Interpretation;Sin,Kinetic term for spiritual dimension: an equation with fractions is shown here for reference Interpretation of a mathematical expression is shown here for reference: How quickly field changes as you move through spiritual dimension If a mathematical expression is shown here for reference: Grace increases with spiritual proximity to God If a mathematical expression is shown here for reference: Sin decreases with spiritual proximity to God Equation of motion (from Euler-Lagrange): an equation is shown here for reference Where an equation is shown here for reference (5D wave operator) This is gorgeous: Field dynamics now include spiritual wave propagation.
d6fbd4d0840e,D:\GitHub\faiththruphysics-site-data\B_consciousness\03-5D-Spiritual-Coordinate-Extension_normalized.txt,1,33,Prayer;Separation,"Prayer Efficacy Distance-Dependence Hypothesis: If spiritual dimension is real, prayer efficacy should depend on a mathematical expression is shown here for reference (spiritual separation), not a mathematical expression is shown here for reference (spatial separation)."
d6fbd4d0840e,D:\GitHub\faiththruphysics-site-data\B_consciousness\03-5D-Spiritual-Coordinate-Extension_normalized.txt,1,38,Prayer,"Measure prayer outcomes (answered prayer rate, spiritual breakthroughs) Prediction: Standard physics: Efficacy independent of distance (no known mechanism) 5D theophysics: Efficacy a mathematical expression is shown here for reference (exponential decay with spiritual distance, not spatial distance) B."
d6fbd4d0840e,D:\GitHub\faiththruphysics-site-data\B_consciousness\03-5D-Spiritual-Coordinate-Extension_normalized.txt,1,39,Sanctification,Sanctification Trajectories as Geodesics Hypothesis: Spiritual growth follows geodesics in 5D spacetime+spiritual manifold—shortest path through a mathematical expression is shown here for reference space.
d6fbd4d0840e,D:\GitHub\faiththruphysics-site-data\B_consciousness\03-5D-Spiritual-Coordinate-Extension_normalized.txt,1,40,Suffering;Comfort,"Testable signature: Longitudinal studies tracking spiritual maturity over time should show: Accelerated growth during suffering periods (geodesic curvature effect) Plateaus during comfort (flat spacetime, slow a mathematical expression is shown here for reference -motion) Irreversibility (can't move backward in a mathematical expression is shown here for reference without active choice) C."
d6fbd4d0840e,D:\GitHub\faiththruphysics-site-data\B_consciousness\03-5D-Spiritual-Coordinate-Extension_normalized.txt,1,46,Prayer,"Prayer has geometric mechanism Not ""action at a distance"" (spooky) But motion through a mathematical expression is shown here for reference -space affecting coupled spacetime fields three."
d6fbd4d0840e,D:\GitHub\faiththruphysics-site-data\B_consciousness\03-5D-Spiritual-Coordinate-Extension_normalized.txt,1,47,Grace,Sacraments are physical-spiritual transducers Matter with modified a mathematical expression is shown here for reference coupling (consecration = metric engineering) Explains why physical elements convey spiritual grace four.
d6fbd4d0840e,D:\GitHub\faiththruphysics-site-data\B_consciousness\03-5D-Spiritual-Coordinate-Extension_normalized.txt,1,48,God;Grace;Boundary;Sin,Sin and grace are field dynamics Not mere metaphors—actual a mathematical expression is shown here for reference -dependent field configurations Grace = negentropic influx from a mathematical expression is shown here for reference boundary (God's fullness) five.
d6fbd4d0840e,D:\GitHub\faiththruphysics-site-data\B_consciousness\03-5D-Spiritual-Coordinate-Extension_normalized.txt,1,49,Resurrection;Fall;Restoration;Eschatology,Eschatology is cosmological phase transition New creation = restoration of full 5D symmetry (currently broken by Fall) Resurrection = matter acquiring a mathematical expression is shown here for reference -dimensionality --- VIII.
d6fbd4d0840e,D:\GitHub\faiththruphysics-site-data\B_consciousness\03-5D-Spiritual-Coordinate-Extension_normalized.txt,1,54,Sanctification,⏳ Compute geodesic equations (sanctification trajectories) five.
d6fbd4d0840e,D:\GitHub\faiththruphysics-site-data\B_consciousness\03-5D-Spiritual-Coordinate-Extension_normalized.txt,1,55,Prayer,"⏳ Design empirical tests (prayer distance, sacramental geometry) six."
294ac9120e45,D:\GitHub\faiththruphysics-site-data\B_consciousness\Chapter 7 The Observer and the Code_normalized.txt,1,6,Will,"Given enough time, enough data, enough brain scans and computational models, they will be solved."
294ac9120e45,D:\GitHub\faiththruphysics-site-data\B_consciousness\Chapter 7 The Observer and the Code_normalized.txt,1,25,Will,"--- The Materialist Promise Neuroscience made a promise in the late twentieth century, implicitly if not explicitly: give us enough time and enough fMRI machines and we will explain consciousness."
294ac9120e45,D:\GitHub\faiththruphysics-site-data\B_consciousness\Chapter 7 The Observer and the Code_normalized.txt,1,27,Will,"When we understand brains completely, we will understand consciousness completely."
294ac9120e45,D:\GitHub\faiththruphysics-site-data\B_consciousness\Chapter 7 The Observer and the Code_normalized.txt,1,28,Life;Will,"The hard problem will dissolve the way vitalism dissolved when biochemistry explained what ""life force"" actually was — it was just chemistry."
294ac9120e45,D:\GitHub\faiththruphysics-site-data\B_consciousness\Chapter 7 The Observer and the Code_normalized.txt,1,42,Fire,Knowing which neurons fire when you see red does not explain why there is a subjective experience of redness attached to that firing pattern.
294ac9120e45,D:\GitHub\faiththruphysics-site-data\B_consciousness\Chapter 7 The Observer and the Code_normalized.txt,1,56,Coherence;Chi,The computation operates on two levels — quantum and classical — unified by a coherence field (the chi field ).
294ac9120e45,D:\GitHub\faiththruphysics-site-data\B_consciousness\Chapter 7 The Observer and the Code_normalized.txt,1,57,Boundary,And the parameters of the computation are set by boundary conditions that no theory predicts (the fine-tuning constants).
294ac9120e45,D:\GitHub\faiththruphysics-site-data\B_consciousness\Chapter 7 The Observer and the Code_normalized.txt,1,66,Coherence;Chi,"The chi field makes this formal: consciousness is a term in the coherence integral, and removing it collapses the entire framework."
294ac9120e45,D:\GitHub\faiththruphysics-site-data\B_consciousness\Chapter 7 The Observer and the Code_normalized.txt,1,68,Will,"If you assume that matter is fundamental and consciousness is derivative, you will never explain how matter produces consciousness, because matter doesn't produce consciousness."
294ac9120e45,D:\GitHub\faiththruphysics-site-data\B_consciousness\Chapter 7 The Observer and the Code_normalized.txt,1,70,Coherence,"Consciousness and matter are two outputs of the same computational process, two projections of the same coherence field, two terms in the same equation."
294ac9120e45,D:\GitHub\faiththruphysics-site-data\B_consciousness\Chapter 7 The Observer and the Code_normalized.txt,1,73,God,It sounds like someone trying to smuggle God into the equations through the back door.
294ac9120e45,D:\GitHub\faiththruphysics-site-data\B_consciousness\Chapter 7 The Observer and the Code_normalized.txt,1,76,Interpretation,"It has been there since one thousand nine hundred twenty seven, when the Copenhagen interpretation placed the observer at the center of quantum mechanics."
294ac9120e45,D:\GitHub\faiththruphysics-site-data\B_consciousness\Chapter 7 The Observer and the Code_normalized.txt,1,90,Mind,Between the Logos and the mind that runs inside it?
294ac9120e45,D:\GitHub\faiththruphysics-site-data\B_consciousness\Chapter 7 The Observer and the Code_normalized.txt,1,91,Will,"The answer, when it comes, will not arrive through neuroscience alone."
294ac9120e45,D:\GitHub\faiththruphysics-site-data\B_consciousness\Chapter 7 The Observer and the Code_normalized.txt,1,92,Will,"It will arrive through the convergence of information theory, quantum mechanics, and the oldest question humanity has ever asked: who are we, and why are we aware?"
4f14ddd1994e,D:\GitHub\faiththruphysics-site-data\B_consciousness\Consciousness Lean Targets.md,3,1,Boundary,## Core Boundary
4f14ddd1994e,D:\GitHub\faiththruphysics-site-data\B_consciousness\Consciousness Lean Targets.md,5,1,God;Trinity;Mind,"- humans are conscious
- God is the mirror
- the Trinity is the substrate
- the hard problem is solved in empirical philosophy of mind"
4f14ddd1994e,D:\GitHub\faiththruphysics-site-data\B_consciousness\Consciousness Lean Targets.md,31,4,God;Trinity,">
> **What Lean did not prove:** that humans are conscious, that AI is or is not conscious, that God is the mirror, that the Trinity is the substrate, or that the empirical hard problem of consciousness is solved."
