doc_id,path,paragraph,tags,text
d6fbd4d0840e,D:\GitHub\faiththruphysics-site-data\B_consciousness\03-5D-Spiritual-Coordinate-Extension_normalized.txt,1,God;Sanctification;Resurrection;Love;Grace;Fall;Repentance;Faith;Restoration;Patience;Prayer;Meditation;Interpretation;Separation;Suffering;Comfort;Eschatology;Coherence;Boundary;Sin,"--- series: ""LG"" seriesnumber: "" one "" partnumber: "" one "" title: ""5D Spiritual Coordinate Extension"" date: "" two thousand twenty five - eleven - nine "" tags: theophysics lg category: theophysics-research status: migrated migrationdate: "" two thousand twenty five - eleven - nine "" originalpath: ""D:\Obsidian\THEOPHYSICS\Lagrangian\5D-Spiritual-Coordinate-Extension.md"" --- 2CM # The Spiritual Dimension as Fundamental Coordinate: Extending Minkowski Spacetime I. The Proposal: Five-Dimensional Reality Structure Current Standard: Minkowski Spacetime (4D) an equation is shown here for reference Where: an equation is shown here for reference (four indices) an equation is shown here for reference (time coordinate, $c$ = speed of light) a mathematical expression is shown here for reference (spatial coordinates) Metric signature: an equation is shown here for reference Interval: an equation is shown here for reference (invariant under Lorentz transformations) Your Proposal: Extended Theophysical"
294ac9120e45,D:\GitHub\faiththruphysics-site-data\B_consciousness\Chapter 7 The Observer and the Code_normalized.txt,1,God;Life;Mind;Will;Interpretation;Fire;Coherence;Chi;Boundary,"Chapter seven: The Observer and the Code The Problem That Won't Die In one thousand nine hundred ninety four, a philosopher named David Chalmers stood up at a consciousness conference in Tucson, Arizona, and divided the field in half with a single distinction. He separated what he called the ""easy problems"" of consciousness from the ""hard problem."" The easy problems are things like: how does the brain process visual information? How does attention work? How do we distinguish a face from a random pattern? These are hard in practice — they require massive research programs and decades of work — but they are easy in principle because they are questions about mechanism. Given enough time, enough data, enough brain scans and computational models, they will be solved. They are engineering problems. The hard problem is different. The hard problem is: why is there experience at all? When light hits your retina, photons are absorbed by rhodopsin molecules, triggering a cascade of electrochemica"
4f14ddd1994e,D:\GitHub\faiththruphysics-site-data\B_consciousness\Consciousness Lean Targets.md,3,Boundary,## Core Boundary
4f14ddd1994e,D:\GitHub\faiththruphysics-site-data\B_consciousness\Consciousness Lean Targets.md,5,God;Trinity;Mind,"- humans are conscious
- God is the mirror
- the Trinity is the substrate
- the hard problem is solved in empirical philosophy of mind"
4f14ddd1994e,D:\GitHub\faiththruphysics-site-data\B_consciousness\Consciousness Lean Targets.md,31,God;Trinity,"> **What Lean checked:** Given the definitions, consciousness requires representation, self-reference, and orientation. Source recognition requires consciousness. The dependency graph is formally valid.
>
> **What Lean did not prove:** that humans are conscious, that AI is or is not conscious, that God is the mirror, that the Trinity is the substrate, or that the empirical hard problem of consciousness is solved."
