source_file,source_id,title,axiom,definitions,action,boundary,test,dg1_dependencies,dg2_new_capability,dg3_preserved_floor,dg4_collapse_if_removed,dg5_translation_registers,dg6_state,dg7_admissible,dg8_closure_pass,claim_class,proof_label,grade,recommended_atom_action,overstatement_risks,kill_conditions,lean_target,plain_summary
atlas_reference_readout.md,atlas_reference_readout,ATLAS Lean Reference Readout,"ATLAS is an external reference corpus for Lean proof patterns and project organization, not evidence for Theophysics claims.","ATLAS: autoformalized Lean 4 textbook mathematics library, machine-generated, ongoing, with some sorry-backed declarations. | Reference corpus: a collection used for pattern-matching and structural guidance, not for truth-bearing. | Proof-pattern/reference corpus: a set of examples and idioms for Lean specialists to consult.","Use ATLAS as an external reference for Lean project layout, proof-review categories, and mathlib idioms. Do not treat its contents as evidence for Theophysics claims.",Does not assert any Theophysics theorem or axiom. | Does not claim ATLAS proofs are complete or sound. | Does not authorize copying ATLAS content into the canon. | Does not provide a formal proof of any Theophysics statement.,"Check that ATLAS is cited only as a reference, not as evidence. | Verify that any Lean patterns taken from ATLAS are adapted with proper attribution and not copied wholesale. | Confirm that no Theophysics claim is justified solely by ATLAS's existence or contents.",Lean 4 v4.29.0 | Mathlib revision 8a178386ffc0f5fef0b77738bb5449d50efeea95 | External repository at D:\GitHub\atlas-lean (moved to G:\GitHub\atlas-lean),"Provides a reference corpus for Lean project organization and proof idioms, enabling Lean specialists to find patterns and metadata structures.",Preserves the distinction between external reference and canon evidence; does not elevate ATLAS to a truth source.,"If removed, Lean specialists lose a convenient reference for project layout and proof-review metadata, but no Theophysics claim is affected.",Lean project layout | Proof-review categories | targets.yaml and report.json metadata | Mathlib idioms,coherent,yes,yes,reference_metadata,NOT_ESTABLISHED,B,register_as_external_reference,Treating ATLAS as evidence for Theophysics claims. | Assuming all ATLAS proofs are complete and sound. | Copying ATLAS content without proper attribution or adaptation.,If ATLAS is cited as proof of a Theophysics claim. | If ATLAS content is copied wholesale into the canon. | If the guardrail is ignored and ATLAS is treated as canon.,"A Lean specialist should use ATLAS only for structural and idiomatic reference, not for truth claims.","This document describes ATLAS, an autoformalized Lean 4 library, as a reference for proof patterns and project organization. It explicitly states ATLAS is not evidence for Theophysics claims and warns against copying it wholesale. The node captures this as an external reference with clear boundaries."
broad_lean_corpus_build_and_rich_iso_status_v0.md,broad_lean_corpus_build_and_rich_iso_status_v0,Broad Lean Corpus Build and Rich Isomorphism Status v0,"The broader Lean corpus contains a richer structural testing layer that goes beyond equation-shape analogy, and this layer is verified by a successful full build with no active proof escapes.","Rich isomorphism: a mapping that preserves roles, transitions, signature discipline, gate behavior, and passes adversarial wrong-swap checks. | Proof escape: active use of sorry, admit, axiom, or unsafe in source files (excluding expected #check_failure diagnostics). | Seed kernel: the minimal no-sorry package with 4 front-loaded assumptions and 17 starter theorems. | Broad corpus: the larger Lean archive with rich isomorphism/signature/adversarial layers and reported 287 theorems.",Maintain the broad corpus as a separate build layer from the seed kernel; do not merge until theorem inventory is normalized and wrapper/trivial rows are separated from substantive rows.,"Lean verifies the encoded structure, not the domain-faithfulness of human labels. | Physics, theology, history, and source-grounding still carry the burden of domain fidelity. | The reported 287 theorems are from corpus docs and not independently verified in this document.",Run `lake build` and confirm success. | Run the proof-escape scan and confirm no active sorry/admit/axiom/unsafe in main source files. | Check that the rich isomorphism layer includes the listed components and that wrong-swap checks fail for false mappings.,"Lean 4 toolchain v4.31.0 | Local Lean standard library cache | Theophysics_Core, Theophysics_Adversarial, and other module sources",Provides a richer structural testing layer that rejects weak equation-shape analogies and enforces signature discipline and adversarial checks.,Preserves the seed kernel's clean compressed assumption spine and its no-sorry starter theorems.,"Without the rich isomorphism layer, the framework would rely merely on equation-shape analogy, losing the ability to distinguish intended mappings from false ones.",RichLawIso | richLaw4Iso | no_rich_iso_to_natural_coin | richRelabeledCoinIso | BridgeMatrix | MasterEquationInvariance | wrong-swap rejection rows,coherent,yes,yes,build status and structural capability,PYTHON_RUNTIME_SUPPORTED,B,Record as a verified build status and rich isomorphism layer claim; do not treat as proof of domain fidelity.,Claiming Lean proves domain-faithfulness of human labels. | Treating the reported 287 theorems as independently verified. | Assuming the rich isomorphism layer is fully sound without inspecting the actual Lean code.,If a full build fails on a clean checkout. | If active sorry/admit/axiom/unsafe are found in main source files. | If the rich isomorphism layer is shown to be absent or non-functional.,Formalize the rich isomorphism layer in Lean and verify that intended mappings pass while false mappings fail.,"This document reports that a broad Lean corpus builds successfully with no active proof escapes and includes a richer isomorphism layer that goes beyond equation-shape analogy. It emphasizes that Lean verifies the encoded structure, not the domain-faithfulness of human labels, and recommends keeping the broad corpus separate from the seed kernel until the theorem inventory is normalized."
canonical_derivation.md,canonical_derivation,canonical_derivation.ipynb,"The chi-field Lagrangian density, when varied, yields the equations of motion and conserved quantities that define the theoretical framework.","chi-field: a scalar field with Lagrangian density L_chi, coupled to gravity and matter, with a self-interaction term chi. | J_grace: a source term in the chi-field equation of motion, with an unresolved dimensional issue. | G_eff: effective gravitational constant defined as G / (1 + chi). | Ghost modes: states with negative norm; absence indicated by propagator residue +1.","Use the chi-field Lagrangian as the foundational theoretical model, and use the derived equations (Klein-Gordon, Gross-Pitaevskii, modified Einstein) for further analysis and predictions.",Does not provide numerical solutions or experimental validation. | Does not resolve the dimensional issue in J_grace. | Does not prove physical reality; only symbolic derivation from assumed Lagrangian. | Does not address quantization beyond propagator residue check.,Verify each derivation step using SymPy symbolic computation. | Check that the Euler-Lagrange equation matches the stated Klein-Gordon form. | Confirm propagator residue equals +1. | Confirm non-relativistic limit yields Gross-Pitaevskii. | Confirm G_eff expression follows from coupling. | Check dimensional consistency of all derived expressions.,"SymPy symbolic mathematics library | Assumed chi-field Lagrangian density | Standard physics principles: action principle, Euler-Lagrange, Noether's theorem, general relativity","Provides an exact symbolic derivation of the chi-field equations and their consequences, including a non-ghost propagator and modified gravity, which can be used for further theoretical analysis.","Preserves the logical consistency of the framework by deriving results from stated axioms, ensuring that subsequent numerical work has a solid theoretical basis.","Without this derivation, the framework lacks a formal mathematical foundation; numerical results would be unanchored and the theoretical claims would be unsupported.","Symbolic mathematics (SymPy) | Theoretical physics (field theory, general relativity) | Mathematical logic (derivation steps)",coherent,yes,yes,symbolic derivation,SYMBOLIC_SUPPORTED,B,preserve as theoretical derivation; flag open issues,"The derivation is only as valid as the assumed Lagrangian; if the Lagrangian is not physically motivated, the results are not physically meaningful. | The propagator residue +1 is a necessary but not sufficient condition for a physically consistent quantum field theory. | The dimensional issue in J_grace is unresolved and could affect the validity of the source term. | The modified Einstein equations are derived under specific coupling assumptions; other couplings could yield different results.",If the Lagrangian is shown to be non-renormalizable or inconsistent. | If the dimensional issue in J_grace cannot be resolved. | If the propagator residue computation is found to be in error. | If the non-relativistic limit derivation is incorrect.,"Formalize the derivation in a proof assistant (e.g., Lean) to verify each step and ensure logical correctness.","This document is a symbolic derivation notebook using SymPy that derives the chi-field equations and their consequences from an assumed Lagrangian. It includes derivations of the Klein-Gordon equation, propagator residue, Gross-Pitaevskii limit, Noether currents, modified gravity, and stability analysis. It also honestly flags open issues like the dimensional problem in the source term. The derivation is coherent and admissible, but it is only as strong as the assumed Lagrangian and has not been formally verified in a proof assistant."
chi_field.md,chi_field,chi_field.ipynb,The chi-field evolves as a scalar field in 1+1D according to the Klein-Gordon equation with phi^4 self-interaction and a grace source term.,"chi(x,t): scalar field value at spatial point x and time t | d'Alembertian in 1+1D: /t  /x | m: field mass squared, sets oscillation frequency | : self-coupling strength (phi^4 interaction) | J_grace: external grace source term, defined as _G * Phi * tanh(chi) / (S_local + ) | _G: grace coupling strength | Phi: spatial grace distribution | S_local: local entropy | : small positive number preventing division by zero | Method of lines: spatial discretization converts PDE to system of ODEs | Neumann boundary conditions: zero-derivative at spatial edges","Implement and run a numerical PDE solver for the chi-field equation in 1+1D, using method of lines with second-order spatial finite differences and RK4 time integration, with Neumann boundaries, and perform parameter scans to map stability regions.",Does not provide analytical solutions or proofs of existence/uniqueness. | Does not extend to higher spatial dimensions (only 1+1D). | Does not include other interaction terms beyond phi^4 and the specified grace source. | Does not claim physical reality; it is a numerical implementation. | Does not address quantization or field-theoretic rigor beyond classical PDE.,"Verify energy drift is less than 0.5% over 1000 time steps with 128 spatial points and dt=0.01. | Check that with canonical parameters (m>0, >0) the solution remains bounded (stable propagation). | Verify that the dispersion relation for linear modes matches  = k + m. | Check that high local entropy suppresses the grace source, producing spatial gradients. | Reproduce stability phase diagram in m- space.","MasterEquation class (Lagrangian mechanics of 10-variable point system) | Standard numerical libraries (e.g., NumPy, SciPy) for ODE integration | Klein-Gordon equation with phi^4 interaction as a known PDE model","Provides a numerical PDE solver for the chi-field in 1+1D, enabling simulation of spatial and temporal evolution, stability analysis, and observation of grace-entropy tension in spatial profiles.","Preserves the conceptual link to scalar field theories (Higgs, inflaton, quintessence) and the qualitative behavior of the chi-field as a field with propagation and response to sources.","Without this notebook, the chi-field remains a point-like variable; the field-theoretic spatial structure and propagation behavior would be unsupported, weakening the claim that chi is a field.",PDE solver implementation | Numerical stability analysis | Field theory simulation | Grace-entropy interaction model,coherent,yes,yes,Numerical implementation and simulation results,COLAB_REPRODUCIBLE,B,Preserve as a reproducible numerical experiment; do not treat as proof of physical reality.,Interpreting numerical stability as physical stability of the actual chi-field. | Claiming the grace source term is physically real rather than a model assumption. | Generalizing 1+1D results to higher dimensions without further evidence. | Treating the notebook as a proof of the field nature of chi beyond the numerical model.,"If the numerical implementation is found to have significant errors (e.g., instability, incorrect discretization). | If the parameter scan results cannot be reproduced. | If the energy drift exceeds the stated bound in repeated runs. | If the underlying PDE is not well-posed for the chosen parameters.","A reproducible numerical solver for the chi-field PDE, with clear documentation of methods and limitations.","This document describes a Google Colab notebook that numerically solves the chi-field as a 1+1D scalar field with a Klein-Gordon equation plus phi^4 self-interaction and a grace source term. It uses method of lines with finite differences and RK4 integration, and reports stable propagation, energy drift under 0.5%, and a stability phase diagram. The notebook is a numerical implementation, not a proof of physical reality."
chi_field_potential_search.md,chi_field_potential_search,chi_field_potential_search.ipynb,The chi-field potential V(chi) = mchi + chi defines the stability landscape; parameter regions must be mapped to determine where stable solutions exist.,"chi-field: a scalar field with potential V(chi) = mchi + chi | m: mass squared parameter, can be negative (tachyonic), zero, or positive | : self-coupling constant, non-negative in scans | grace coupling _G: coupling strength of the grace source term | STABLE: solution remains bounded over integration time | OSCILLATORY: solution oscillates without divergence | DECAYING: solution decays to zero | UNSTABLE: solution diverges","Systematically scan the chi-field parameter space (m, , _G) to map stability regions and identify boundaries where solutions become unstable or break down.",Does not derive the potential from first principles; it assumes the given form. | Does not provide analytical proofs of stability; relies on numerical integration. | Does not extend to full cosmological dynamics; focuses on the potential landscape. | Does not claim physical reality of symmetry breaking; documents where it would occur.,"For each parameter set, verify that the integration is numerically stable (e.g., energy conservation, convergence with dt). | Check that the classification (STABLE, etc.) is reproducible across runs. | Verify that canonical parameters (m = 10,  = 0.01) fall in the stable region with margins. | Compare boundary locations with known analytical thresholds where available.",chi_field_solver | numerical integration routines | parameter definitions for chi-field potential,"Provides a stability map of the chi-field potential across parameter space, enabling identification of safe operating regions and instability boundaries.","Preserves the canonical chi-field parameters as stable and robust, supporting the internal consistency claim.","Without this scan, the stability of the chi-field at canonical parameters is unverified, weakening the physical viability of the model.","m (mass squared) |  (self-coupling) | _G (grace coupling) | stability classification (STABLE, OSCILLATORY, DECAYING, UNSTABLE)",coherent,yes,yes,numerical_stability_scan,COLAB_REPRODUCIBLE,B,preserve_as_guardrail,"The scan is numerical and does not constitute a formal proof of stability. | The claim 'very robust' is based on the scanned region and may not cover all parameter space. | The potential form is assumed, not derived. | The interpretation of 'internal consistency' is abductive, not proven.",If the numerical integration is found to be inaccurate or non-convergent. | If the canonical parameters are shown to be near an instability boundary not captured by the scan. | If the potential form is invalidated by other constraints.,"Formalize the stability conditions for the chi-field potential analytically, at least for the canonical parameter region.","This document describes a numerical parameter scan of the chi-field potential to map stability regions. It finds that the canonical parameters are stable with large margins, but this is based on numerical simulation, not formal proof. The scan is a useful guardrail for the model but does not by itself establish physical truth."
constraint_model.md,constraint_model,constraint_model.ipynb,"A strategy is admissible if and only if it satisfies all six constraints: justice, mercy, freewill, love, entropy, and holiness.","Constraint function: a function taking a 10-parameter strategy vector and returning True/False based on threshold conditions. | Parameter vector: 10 continuous/discrete parameters including payment_magnitude, cost_to_sinner, coercion_level, relational_access, negentropy_input, corruption_addressed, voluntary_by_redeemer, scope, permanence, source_is_external. | All-passed boolean: True if all six constraint functions return True for a given parameter vector.","Given a strategy parameter vector, evaluate all six constraints and return the count of satisfied constraints and whether all are satisfied. Use optimization to search for all-passing configurations.","Does not define the specific threshold values for each constraint. | Does not apply the model to specific biblical strategies; that is the role of test09_constraint_satisfaction.ipynb. | Does not extend to 100,000 random trials; that is the role of free_body_model.ipynb.","For any parameter vector, the constraint functions return deterministic True/False. | The optimization search should find no all-passing configuration other than the cross configuration. | The Monte Carlo variant should reproduce the same uniqueness result.",Parameter space definition | Constraint function definitions,Provides a reusable constraint satisfaction engine for evaluating strategies against six constraints.,Preserves the ability to evaluate any strategy against the six constraints in a deterministic manner.,"Without this model, the constraint satisfaction test (test09) and the free body model have no underlying evaluation framework.",constraint functions | parameter vector | all-passed boolean,coherent,yes,yes,methodology,PYTHON_RUNTIME_SUPPORTED,B,preserve as tool definition,"The document claims uniqueness of the cross configuration is verified by exhaustive search, but the actual search results are not shown in this document. | The threshold values for constraints are not specified, so the model is incomplete without them.",If the constraint functions are not actually implemented or are inconsistent with the described thresholds. | If the optimization search finds additional all-passing configurations beyond the cross configuration.,"Formalize the constraint functions and thresholds in Lean, and verify the uniqueness claim.","This document describes a constraint satisfaction engine that evaluates strategies against six constraints. It defines the parameter space and the evaluation framework, and claims that exhaustive search verifies the uniqueness of the cross configuration. It is a tool definition, not a proof of theological claims."
continuous_string_axiom_test_v0.md,continuous_string_axiom_test_v0,Continuous String Axiom Test v0,"If an action is aligned with destruction and is not restored, then it is not morally good and not aligned with good.",alignedWithDestruction: an action's alignment with destruction. | restored: the state is restored after the action. | moralGood: morally good action. | alignedWithGood: aligned with good.,"In the Lean kernel, enforce that any action aligned with destruction and not restored is excluded from moral goodness and alignment with good.","Does not prove the full Master Equation. | Does not prove gravity=grace, strong force=love, thermodynamics=judgment, coherence=Christ, or all event systems isomorphic. | Only applies within the starter AxiomBundle and toy model.",Lean build passes with no sorry/admit/axiom/unsafe. | The theorem destructive_unrestored_exclusion_chain is kernel-checked. | The concrete model theorem toy_bad_action_excluded_by_chain holds.,"AxiomBundle with 4 assumptions: destructive_degrades, good_preserves, good_alignment_is_moral, moral_good_repairs_damage.",Provides a kernel-checked theorem chain showing destructive non-restored actions are excluded from moral good and alignment with good.,Preserves the existing AxiomBundle and its consistency via a concrete satisfiable model.,"If removed, the package loses its first continuous downstream theorem chain and concrete model validation, reducing confidence in the axiom bundle's consistency.",destructive_degrades | good_preserves | good_alignment_is_moral | moral_good_repairs_damage,coherent,yes,yes,formal_verification,LEAN_FORMAL_PROOF,B,preserve,The theorem is only within the toy model and starter axioms; it does not generalize to physical or theological claims. | The document explicitly states it does not prove the Master Equation or bridge claims.,If the Lean package is not reproducible or contains hidden axioms. | If the concrete model is inconsistent with the axioms.,The theorem destructive_unrestored_exclusion_chain and the concrete model theorem toy_bad_action_excluded_by_chain.,"This document reports a successful Lean formalization of a theorem chain: destructive alignment plus non-restoration implies not morally good and not aligned with good, within a minimal axiom bundle and a toy model. It explicitly does not claim to prove the full Master Equation or any physical identifications."
drv-00-the-argument-REWRITE-v2.md,drv-00-the-argument-REWRITE-v2,DRV Argument-in-One-Page  -  REWRITE v2,"The Master Equation is the integrated product of ten typed factors, each with a fixed mathematical domain, and the distinction between the factor C and the output chi is structural.","G: external negentropy influx rate, domain 0 | M: alignment cosine between system state and reference vector, domain [1,1] | E: signal propagation fidelity (channel capacity), domain 0 | S_prod: entropy production rate, enters as S_eff = e^( S_prod), domain 0 | T: temporal integration parameter, domain >0 | K: information compression ratio (Kolmogorov), domain 0 | R: phase transition indicator, domain {0,1} | Q: superposition measure, domain [0,1] | F: non-local correlation strength, domain [0,1] | C: total integration measure, domain [0,1] | chi: integrated output, not a factor","The system must use the canonical typed factors and the C vs chi distinction in all formal statements, and must mark provisional or contestable claims explicitly.",Does not assert the Lowe Coherence Lagrangian as Lean-verified. | Does not assert the five-pair fractal symmetry structure. | Does not assert 'Christ is coherence' as a formal identity; only as Asymmetry 2 reframing. | Does not claim the K-Drop intelligence inference as proven; it is named-contestable.,Check that every variable in the Master Equation uses the canonical domain. | Check that C is never used as the output chi. | Check that the dV element is dx dt. | Check that the entropy term is S_eff = e^( S_prod). | Check that the Ten Laws table is replaced by the Layer 2 bridge. | Check that the Lagrangian is labeled provisional. | Check that the K-Drop intelligence inference is marked named-contestable.,"FORMAL_VERIFICATION_PACKET_2026-05-10/ (Layer 1, Layer 2, Definition 10, Axiom 3, Formal Theory v1.0)","Provides a corrected, canon-aligned Master Equation with typed domains and explicit C vs chi distinction, and reframes several claims to avoid overreach.",The core argument that coherence is an integrated product of ten factors and that energy is not grace is preserved.,"If the typed domains or C vs chi distinction are removed, the Master Equation becomes ambiguous and the no-drift fix is lost.","Physical: open-system thermodynamics, Shannon channel capacity, Kolmogorov compression, phase transitions, quantum superposition, entanglement, integrated information | Spiritual: Grace, Logos, Christ, moral alignment, sin, faith, conversion",coherent,yes,yes,revision_document,NOT_ESTABLISHED,B,adopt_as_canonical_revision,"The Master Equation itself is not proven; it is a definitional framework. | The Lean kernel verifies only structural properties, not the full equation. | The Lowe Coherence Lagrangian is explicitly provisional. | The K-Drop intelligence inference is named-contestable.","If the canonical Definition 10 is superseded, the typed domains change. | If the Lean kernel rejects the entropy sign repair, the Master Equation fails. | If the C vs chi distinction is violated in any formal statement.",Formalize the Master Equation with typed factors and verify the antitone property of S_eff.,"This document is a revision of the DRV argument-in-one-page, correcting the Master Equation to use canonical typed factors, fixing the entropy sign, distinguishing C from chi, and reframing several claims to avoid overreach. It marks the Lowe Coherence Lagrangian as provisional and the K-Drop intelligence inference as contestable. The document is coherent and admissible, but it does not establish new proofs; it aligns with the existing canon."
drv-02-the-lock-REWRITE-v2.md,drv-02-the-lock-REWRITE-v2,DRV Book I  -  The Lock  -  REWRITE v2,"The ground of mathematical and moral truth is the Logos, functionally identical to God-as-Axiom, the first primitive axiom of the Formal Theory v1.0.","Truth: below-floor presupposition exhibiting seven properties: existence, temporal independence, necessity, universality, eternality, immateriality, coherence. | Logos: the name for the ground of mathematical and moral truth, chosen for its semantic range (rational structure, ordering principle, meaningful speech, account). | God-as-Axiom: the terminal ground required by the von Neumann measurement chain, the regress argument, and the open-system requirement; named 'God' in classical theism, 'Logos' in the Johannine prologue, 'uncaused cause' in scholastic philosophy. | Central Claim: the thesis that mathematical and moral truth share a single ground; operationalized by the Master Equation. | Source-Property Transmission Lemma: a single inference that transfers properties from the source to what it grounds.","The framework should present the argument from properties of truth to the Logos as a layered derivation, with Layer 0 as below-floor presuppositions, Layer 1 as an external theorem, Layers 2 - 3 as inferences, Layer 4 as definitions/postulates, Layer 5 as the defended thesis, and Layer 6 as the naming and identification with the primitive axiom.","Does not assert the seven properties as axioms; they are below-floor presuppositions. | Does not claim the Gdel-Chaitin theorem as an axiom of the framework; it is an inherited result. | Does not treat the Central Claim as an axiom; it is the thesis to be defended. | Does not push beyond the Feb 14 floor into divine mechanics (how God operates internally, why God chose this design, what exists before/outside the system). | Does not exercise Axiom 2 (Trinity Isomorphism) in this series; it is acknowledged but not load-bearing here.","Check that each layer's epistemic status is correctly labeled (below-floor, external theorem, inference, definition/postulate, central claim, naming definition, primitive axiom). | Verify that the Source-Property Transmission Lemma is applied correctly to transfer properties. | Confirm that the Central Claim is presented as the thesis, not as an assumed axiom. | Ensure that the Feb 14 floor is explicitly stated as the intentional formal boundary.","Formal Theory v1.0 (May 10, 2026 canon) | Gdel's Second Incompleteness theorem | Chaitin's complexity bound | Master Equation (referenced, not derived here) | Empirical evidence from I (pre-linguistic numeracy and pre-socialized moral evaluation data)","Provides a reclassified, layered argument from properties of truth to the Logos, distinguishing epistemic statuses (below-floor, theorem, inference, definition, central claim, axiom) and explicitly identifying the Feb 14 floor with three primitive axioms.","Preserves the content of the original twenty axioms while reclassifying them; maintains the conclusion that the ground is the Logos, functionally identical to God-as-Axiom.","If removed, the framework loses its explicit reclassification of the axiom chain, reverting to a flat-axiom structure that misrepresents the May 10 canon; the argument's epistemic load-bearing distinctions would be lost.","Theological: Logos, God-as-Axiom, classical theism | Mathematical: Gdel-Chaitin, properties of truth | Philosophical: identity of indiscernibles, principle of sufficient reason | Formal: Formal Theory v1.0, primitive axioms",coherent,yes,yes,theological_metaphysical,NOT_ESTABLISHED,C,archive,Treating below-floor properties as axioms despite reclassification | Treating the Central Claim as proven rather than defended | Overstating the force of the identity of indiscernibles argument | Conflating the Gdel-Chaitin theorem with a proof of the Logos' existence,If the Gdel-Chaitin theorem is misapplied or misinterpreted | If the Source-Property Transmission Lemma is invalid | If the Central Claim is shown to be false or unsupported | If the Feb 14 floor is violated by asserting divine mechanics,"The argument is a structured theological derivation, not a formal proof; it should be treated as a narrative anchor with epistemic distinctions.","This document rewrites Section III of DRV Book I, reclassifying the original twenty axioms into a layered argument: seven below-floor properties of truth, an external Gdel-Chaitin theorem, derived inferences, a transmission lemma, definitions and postulates, a central claim, and finally the identification of the Logos with God-as-Axiom. It explicitly sets the Feb 14 floor as the boundary of formal reach. The document is a coherent reclassification but does not establish the truth of its central claim; it is a theological argument, not a formal proof."
fruits_of_the_spirit_equations.md,fruits_of_the_spirit_equations,THE FRUITS OF THE SPIRIT  -  COMPLETE FORMALIZATION,"The nine Fruits of the Spirit are formalized as a 9-dimensional vector Phi, and their manifestation is a function of system coherence chi via a hyperbolic tangent phase transition.","Fruits vector Phi = {Love, Joy, Peace, Patience, Kindness, Goodness, Faithfulness, Gentleness, Self-Control} | Anti-Fruits vector Phi = -Phi = {Hatred, Despair, Anxiety, Impatience, Cruelty, Corruption, Betrayal, Harshness, Addiction} | Coherence chi: system coherence, output of the Master Equation | Critical coherence threshold chi_c  0.30 | Sensitivity coefficient _i for each Fruit i","Use the Phi vector and Master Equation to model and predict the manifestation of Fruits or Anti-Fruits based on system coherence, and to evaluate texts or systems for coherence signals.","Does not provide a mechanism for measuring chi directly; it is an abstract order parameter | Does not establish causality between coherence and Fruits; only a mathematical mapping | Does not validate the theological claims; it is a formalization, not a proof | The empirical correlation is claimed but not independently verified in this document","Check that Phi_i(chi) is bounded in (-1, +1) and saturates at extremes | Verify that the Master Equation reduces to the stated form and that the -chi term is always negative | Attempt to reproduce the claimed empirical correlation (R=0.73) from the cited data | Assess whether the SBERT implementation actually measures coherence or merely semantic similarity",Master Equation (referenced but not fully derived here) | Definition of coherence chi (referenced from other conversations) | Empirical data from American population 1960-2000 (not provided),"Provides a formal mathematical framework linking theological Fruits to a coherence parameter, enabling quantitative modeling and potential empirical testing.",Preserves the theological assertion that Fruits are emergent from alignment (connection to chi) rather than self-effort.,"If the Phi vector or the tanh mapping is removed, the document loses its formal structure and reduces to a list of theological attributes without quantitative linkage.","Theological: Fruits of the Spirit, Grace, Repentance, Faith | Physical: Coherence, Entropy, Phase transition | Psychological: Positive affect, Self-control, Well-being",coherent,partial,unclear,Formalization with empirical claim,NOT_ESTABLISHED,C,Preserve as a formal model; flag empirical claim as unverified; do not treat as proof.,The empirical correlation (R=0.73) is presented as confirmation but lacks methodological detail | The mathematical formalism may be mistaken for physical law rather than analogy | The claim that 'Anti-Fruits manifest automatically' could be overinterpreted as deterministic,If the Master Equation is shown to be inconsistent or non-physical | If the empirical correlation cannot be reproduced with proper controls | If the tanh mapping is found to be arbitrary and not derived from first principles,"A formal model of Fruits as emergent properties of coherence, with explicit caveats that it is a framework, not a proof.","This document formalizes the nine Fruits of the Spirit as a vector Phi that depends on a coherence parameter chi via a tanh function. It integrates a Master Equation and claims empirical support from population data. However, the empirical claim is not substantiated with data or methods, and the mathematical framework is an analogy rather than a proven physical law. The document is best treated as a speculative model, not an established result."
galaxy_rotation_curves.md,galaxy_rotation_curves,galaxy_rotation_curves.ipynb,"The chi-field modified gravity model must produce galaxy rotation curves consistent with observations without invoking dark matter, using the same coupling constant xi constrained by the Hubble tension test.","Chi-field: a coherence field that modifies effective gravitational constant G_eff depending on local mass density via G-M symmetry pair. | Rotation curve: observed orbital velocity v(r) of stars as a function of radius r from galactic center. | Newtonian prediction: v(r) = sqrt(G M(r) / r), where M(r) is enclosed visible mass. | Flat rotation curve: observed v(r) approximately constant at large r, deviating from Newtonian falloff. | Coupling constant xi: the chi-field coupling parameter, already constrained by Hubble tension test.","Compute chi-field predictions for galaxy rotation curves and compare to observed data, using xi constrained by Hubble tension, to test consistency without dark matter.",Does not prove chi-field is the correct explanation for dark matter. | Does not claim better or worse fit than dark matter halos without detailed error bars. | Does not claim direct detection of chi-field. | Does not establish chi-field as a complete theory of galaxy dynamics.,Fit chi-field parameters to observed rotation curves for several well-measured galaxies. | Compare chi-field fits to dark matter halo models. | Check that the same xi value used for Hubble tension also yields acceptable rotation curve fits. | Assess consistency with full observational error bars in future detailed fitting.,Chi-field Lagrangian with G-M symmetry pair | Hubble tension test constraints on xi | Observed galaxy rotation curve data,Provides a dark matter alternative explanation for flat rotation curves using chi-field modified gravity with a single coupling constant xi.,"Preserves the ability to model galaxy rotation curves without requiring dark matter, while maintaining consistency with Hubble tension constraints.","If this node is removed, the chi-field framework loses a key observational consistency check for galaxy-scale dynamics, weakening its claim as a viable dark matter alternative.",Rotation curve data | Chi-field coupling constant xi | Effective gravitational constant G_eff,coherent,yes,unclear,empirical consistency claim,COLAB_REPRODUCIBLE,C,Preserve as a consistency check; require detailed error-bar fitting before elevating to stronger claim.,Claiming chi-field is proven dark matter alternative without full error analysis. | Overinterpreting consistency as proof of correctness. | Assuming same xi works for all galaxies without detailed fitting.,If detailed fitting with full error bars shows chi-field fits are significantly worse than dark matter halos. | If xi values required for rotation curves conflict with Hubble tension constraints. | If independent reanalysis fails to reproduce flat rotation curves.,"A lean claim: 'The chi-field model with xi from Hubble tension is not ruled out by galaxy rotation data; it can produce flat curves without dark matter, but detailed comparison is pending.'","This document describes a Colab notebook that tests the chi-field modified gravity model against galaxy rotation curves. It claims the model can produce flat rotation curves without dark matter, using the same coupling constant xi that addresses the Hubble tension. The document acknowledges this is a consistency check, not proof, and that detailed error-bar fitting is needed for stronger conclusions."
generate_all_charts.md,generate_all_charts,generate_all_charts.ipynb,"All project visualizations shall be generated from a single, reproducible notebook execution, producing publication-ready charts in a consistent format.","Publication-ready: PNG format at 300 DPI, suitable for academic publication. | Consistent format: uniformly named, sized, and styled charts across all categories. | Single execution: one notebook run generates the complete visualization suite without requiring separate test runs.","Execute generate_all_charts.ipynb to generate all project visualizations, saving them to /content/charts/ in PNG format at 300 DPI, organized into field_theory/, lagrangian/, biblical/, and summary/ subdirectories.",Does not run the underlying tests; it only imports their data. | Does not perform new analysis; it only visualizes existing results. | Does not guarantee the correctness of the underlying data; it assumes test outputs are valid. | Does not produce interactive visualizations; output is static PNG files.,Run the notebook and verify that all expected chart files are created in the correct directories. | Check that each PNG is at 300 DPI and has the expected dimensions. | Compare the summary scorecard chart to the COLAB_MASTER output for consistency. | Verify that the charts accurately represent the underlying data by spot-checking a few against test outputs.,"All test notebooks that produce data (e.g., field theory tests, Lagrangian tests, biblical tests) | Data files generated by those tests | Python environment with required libraries (matplotlib, numpy, etc.)","Provides a single-command generation of all publication-ready visualizations, eliminating the need to run multiple notebooks and ensuring consistent formatting across all charts.","Preserves the ability to generate individual charts from test notebooks if needed, as the chart generator does not modify test outputs.","Without this notebook, generating all charts would require running each test notebook individually and manually formatting outputs, increasing effort and risking inconsistency.",Visualization pipeline | Publication workflow | Data presentation,coherent,yes,yes,operational,NOT_ESTABLISHED,C,preserve as operational tool,Claims of 'publication-ready' may overstate quality without external review. | Assumes data correctness without verification. | May imply completeness of visualization suite without explicit list of all charts.,"If the notebook fails to run in a clean environment. | If the output charts are not reproducible across runs. | If the underlying data is invalid, the charts become misleading.","A script that generates all charts from a single command, with clear documentation of input data and output format.","This document describes a Colab notebook that generates all project visualizations in one run, saving them as high-resolution PNGs. It is an operational tool, not a scientific claim, and its value depends on the correctness of the underlying data."
GraceChain.md,GraceChain,GraceChain.lean,"The redemption sequence is a function composition chain: Grace -> Faith -> Hope -> Salvation, where Grace must be applied before Faith.","Faith: a function that maps zero to zero and any non-zero state to one. | Hope: identity function on the state, representing temporal persistence. | Salvation: identity function on the state, representing the locked final state. | Grace: an operator that lifts zero to one, applied before Faith.","The system should apply Grace before Faith in any formal or implemented redemption sequence, ensuring the chain produces salvation only when Grace is applied first.",This does not prove that Grace is necessary in all possible logical systems; it only proves within the defined functions. | This does not establish the actual existence of Grace or salvation; it is a formal model. | This does not address the nature of non-zero states beyond their mapping to one.,"Check that the Lean file compiles and the two theorems are proven. | Verify that the definitions of Faith, Hope, Salvation, and graceStep match the stated behavior. | Confirm that the chain composition is exactly Salvation(Hope(Faith(state))) and that graceStep is applied before Faith.","Lean4 proof environment | Definitions of Faith, Hope, Salvation, graceStep",Formally proves the ordering requirement: Grace must precede Faith for salvation to result from a zero state.,Preserves the logical consistency of the defined functions and the chain composition.,"If removed, the formal proof of the ordering requirement is lost, leaving the sequence as an unverified assertion.",Lean4 theorem statements | Function definitions | Proof scripts,coherent,yes,yes,formal proof,LEAN_FORMAL_PROOF,A,preserve as formal proof artifact,"The proof is only about the defined functions, not about actual theological reality. | The theorem 'salvation_via_grace' assumes graceStep is applied; it does not prove that graceStep is always available or effective. | The proof does not show that Faith is the only possible response to a non-zero signal.",If the Lean file does not compile or the theorems are not proven. | If the definitions are altered such that the theorems no longer hold. | If the chain composition is changed.,Formalize the proof in Lean and verify the theorems.,"GraceChain.lean is a Lean4 formal proof that the sequence Grace -> Faith -> Hope -> Salvation is ordered: without Grace, the chain from zero yields zero; with Grace applied first, it yields one. It defines simple functions and proves two theorems, establishing the formal ordering requirement."
GraceOperator.md,GraceOperator,GraceOperator.lean  -  Grace Operator Theorems,"The Grace Operator G maps any state, including the zero state, to one (coherent), is idempotent, and is not internally invertible.","Grace Operator (G): an operator in CoherenceAlgebra such that graceStep zero = one and graceStep (graceStep x) = graceStep x. | Zero state: a state with coherence chi = 0, fully collapsed. | One state: a coherent state, the target of Grace. | Internal operator: an operator that preserves zero (sign conservation: maps zero to zero). | Sign conservation: internal operators map zero to zero.","The system should treat Grace as an external, non-internal operator that restores coherence from zero, and should not attempt to derive it from internal operations.",Does not claim Grace is physically equivalent to gravitation beyond analogy. | Does not claim the irreversibility proof is fully formal due to the 'sorry'. | Does not claim salvation or theological truth; only algebraic structure.,Check that grace_idempotent and grace_is_restorative compile in Lean 4 without 'sorry'. | Check that grace_irreversible has no 'sorry' or that the 'sorry' is removed and proof completed. | Verify that the CoherenceAlgebra axioms are consistent and that the theorems are derived from them.,CoherenceAlgebra definitions | Lean 4 theorem prover | sign_conservation hypothesis | restores_spirit hypothesis,"Formally proves that an operator mapping zero to one cannot be internal if internal operators preserve zero, providing a structural basis for external restoration.",Preserves the existing CoherenceAlgebra and its axioms; adds theorems about Grace without altering the algebra.,"If removed, the framework loses its formal grounding for the claim that restoration from zero requires an external operator.",Lean 4 theorem statements | CoherenceAlgebra axioms | sign_conservation and restores_spirit hypotheses,defective,partial,no,formal proof (partial),LEAN_CONDITIONAL_PROOF,C,Complete the 'sorry' in grace_irreversible and re-verify; otherwise treat as conditional.,Claiming the irreversibility theorem is fully proved despite the 'sorry'. | Equating Grace with gravitation as a physical fact rather than analogy. | Interpreting the algebraic result as theological proof.,"If the 'sorry' cannot be removed, the irreversibility theorem is not established. | If the CoherenceAlgebra axioms are inconsistent, all theorems collapse. | If graceStep is shown to be internal under the axioms, the central claim fails.","Complete the proof of grace_irreversible in Lean 4, removing the 'sorry'.","This document presents a Lean 4 formalization of a Grace Operator in a CoherenceAlgebra, proving idempotence and restoration from zero, and attempting to prove irreversibility. The first two theorems are proved by simplification, but the third has an unfinished proof with a 'sorry'. The document claims a structural consequence: an operator that restores zero cannot be internal if internal operators preserve zero. However, due to the incomplete proof, the irreversibility claim is not fully established."
H01_Constitution.md,H01_Constitution,"Human Constitution: Body, Soul, Spirit","Humans are tripartite: body, soul, spirit, reflecting the Imago Dei.","Body: material substrate interfacing with the physical world. | Soul: consciousness, personality, mind. | Spirit: divine interface, capacity for communion with God. | Imago Dei: structural parallel between human tripartite nature and the Trinity.","Treat humans as integrated body, soul, and spirit; respect each aspect in ethical and pastoral considerations.",Does not claim physical or scientific proof of tripartite nature. | Does not specify exact interaction mechanisms between components. | Does not assert that all humans are spiritually alive; acknowledges spiritual deadness before regeneration.,Check consistency with scriptural passages cited. | Verify that the model does not contradict personal unity. | Assess whether functional distinctions are maintained.,"Scripture (1 Thess 5:23, Heb 4:12, Gen 2:7) | Theological tradition (tripartite anthropology)","Provides a framework for understanding human nature that integrates physical, psychological, and spiritual dimensions.","Preserves the core Christian doctrines of creation, incarnation, and resurrection.","Without tripartite distinction, the model collapses into dualism or monism, losing the distinct role of spirit.",Theological anthropology | Biblical exegesis | Philosophical theology,coherent,yes,unclear,Theological anthropology,NOT_ESTABLISHED,C,Preserve as theological axiom; do not treat as empirically proven.,"Claims structural isomorphism with Trinity may be seen as overreach. | Equations and physics connections are metaphorical, not rigorous. | Defeat conditions are addressed only via scriptural authority, not empirical evidence.",If scriptural exegesis is shown to be flawed. | If philosophical arguments for dualism or monism are found stronger. | If the model is used to make scientific claims beyond its scope.,Theological anthropology; avoid physical reductionism.,"This document asserts that humans consist of body, soul, and spirit, reflecting the triune nature of God. It argues against dualism, monism, and dichotomism using scriptural references and logical reasoning. However, the proof is theological, not empirical, and the equations are metaphorical. The document is coherent as a theological axiom but not established as a scientific fact."
H02_Body.md,H02_Body,The Body as Interface,"The body/brain is an interface, not the source of consciousness. Brain  Mind. The brain processes and transmits; the soul field (_S) IS the mind.","Body: material subset of chi_physical (Body  chi_physical). | Brain: interface function I(chi_physical -> _S); processes but does not generate. | Soul field (_S): the information pattern that constitutes consciousness and persists beyond physical death. | Interface: bidirectional coupling between _S and chi_physical via the body. | Resurrection body: upgraded interface (Body_res > Body_current) with properties imperishable, glorious, powerful, spiritual.",Treat the body as a real but non-originating interface for consciousness. Do not equate brain states with mental states. Maintain that _S persists beyond physical death and that resurrection provides an upgraded interface.,Does not claim the body is an illusion or a prison. | Does not deny the reality of brain damage effects on mental function. | Does not provide a physical mechanism for _S interaction. | Does not claim to prove the existence of _S empirically.,"Check that all statements distinguish between correlation and causation. | Verify that the interface model is not contradicted by known neuroscience (e.g., neuroplasticity, terminal lucidity). | Ensure that the category error argument is logically valid. | Confirm that the persistence of _S is not asserted as empirically proven but as a metaphysical claim.",F02: Information is conserved | Theological axioms on soul and resurrection,"Provides a coherent metaphysical framework distinguishing brain from mind, allowing for survival of consciousness after death and resurrection.","Preserves the reality of the body and its importance, while rejecting materialism.","If removed, the distinction between brain and mind collapses, leading to materialism or epiphenomenalism, undermining the soul's persistence and resurrection.",Theology | Philosophy of mind | Neuroscience (as critique),coherent,partial,unclear,metaphysical,NOT_ESTABLISHED,C,quarantine,"Claims that NDEs and terminal lucidity are evidence for interface model without rigorous scientific backing. | Uses the hard problem of consciousness as definitive proof against materialism, which is a philosophical stance, not a proven fact. | Asserts information conservation as a physical law supporting soul persistence without specifying the mechanism.","If a physical mechanism for consciousness generation is demonstrated, the interface model is falsified. | If it is proven that consciousness cannot exist without a functioning brain, the persistence claim fails. | If the category error argument is shown to be invalid (e.g., if mental states can be reduced to physical states without category error).","Reduce overstatements by clearly labeling NDEs and terminal lucidity as anecdotal, and the hard problem as a philosophical challenge, not empirical disproof.","This document argues that the body and brain are not the source of consciousness but an interface for the soul. It critiques identity theory, brain-mind identity, and epiphenomenalism using category errors and correlation-causation fallacies. It claims that consciousness persists after death and that resurrection provides an upgraded body. However, the arguments are largely philosophical and lack empirical proof, so the claims are not established."
H03_Soul.md,H03_Soul,The Soul Field (_S),"The soul (_S) is a real, localized, persistent information pattern in the chi-field that constitutes personal identity and survives physical death.",Soul (_S): A coherent information pattern in the chi-field. | chi-field: The fundamental information field (Logos field). | Localized: Having specific identity and boundaries within the chi-field. | Persistent: Continuing through time without cessation. | Identity: The continuity of the soul pattern.,"Treat the soul as a real, localized, persistent information pattern; use this as the basis for personal identity and post-mortem survival.",Does not claim the soul is a material substance. | Does not claim the soul is a universal consciousness. | Does not claim to provide a physical mechanism for the soul's interaction with the body. | Does not claim empirical detection of the soul.,"Check that the soul is defined as an information pattern, not a substance. | Check that the soul is localized, not universal. | Check that the soul persists through change. | Check that identity is tied to soul continuity, not body or memory. | Check that death does not destroy the soul.",F02 (Information is conserved) | chi-field existence,"Provides a non-material, information-based account of personal identity and survival after death.","Preserves the reality of the self against eliminativism, no-self doctrines, and bundleism.","Without this axiom, personal identity is reduced to physical or psychological continuity, and survival after death is not supported.",Information theory | Philosophy of mind | Theology,coherent,partial,unclear,metaphysical,NOT_ESTABLISHED,C,quarantine,Claims the soul is real without empirical evidence. | Equates information conservation with soul survival without a mechanism. | Uses self-reference arguments as proof of a substantial self. | Relies on theological assertions as support.,If information is not conserved in the required sense. | If the soul pattern is not localized or not persistent. | If personal identity can be explained without a soul. | If death destroys the information pattern.,"A minimal claim: the self is a real, persistent pattern, but not necessarily supernatural.","This document argues that the soul is a real, localized, persistent information pattern in a fundamental field, which constitutes personal identity and survives death. It critiques eliminativism, no-self doctrines, and bundleism as self-refuting. However, the arguments are largely philosophical and theological, with no empirical evidence or formal proof, so the claim is not established."
H04_Spirit.md,H04_Spirit,The Human Spirit: Connection Point to God,"The human spirit is distinct from the soul and serves as the interface with God. It is dormant before regeneration and becomes active through the new birth, enabling communion with the Holy Spirit.","Spirit: The God-facing aspect of human nature, the capacity for divine relationship, distinct from the soul. | Soul: The self/world-facing aspect of human nature, encompassing consciousness, personality, and mind. | Regeneration: The new birth, a spiritual transformation that activates the dormant human spirit. | Holy Spirit: The third person of the Trinity, the divine Spirit with whom the human spirit communes. | g_coupling: A symbolic measure of the functional connection between the human spirit and the Holy Spirit; zero before regeneration, positive after.","The system should treat the human spirit as a distinct, God-interface component of human nature, dormant before regeneration and active after, enabling communion with the Holy Spirit.",This does not claim to prove the existence of God or the Holy Spirit from physical evidence. | This does not provide a physical mechanism for spiritual communion. | This does not address the state of infants' spirits before accountability. | This does not claim that all spiritual experiences are from the Holy Spirit; counterfeit experiences are possible.,"Check that the distinction between soul and spirit is maintained in all statements. | Verify that the dormancy and activation of the spirit are described consistently with the axioms. | Ensure that the interface function is not conflated with physical or psychological processes. | Confirm that the communion with the Holy Spirit is presented as a spiritual, not physical, reality.","Scripture (Hebrews 4:12, 1 Cor 2:14, John 3:6, Rom 8:16, 1 Cor 6:17) | Theological tradition (trichotomy, e.g., Watchman Nee) | Universal human experience of transcendence","Provides a framework for understanding the human spirit as a distinct entity and interface for divine communion, which is not present in secular or dichotomist models.",Preserves the core Christian doctrine of the necessity of regeneration for spiritual life and communion with God.,"If the spirit-soul distinction is removed, the model collapses into dichotomy, losing the explanation for spiritual deadness and the need for regeneration.",Theological: trichotomy vs. dichotomy | Phenomenological: spiritual experiences and transcendence-seeking | Symbolic: g_coupling as a metaphor for spiritual connection,coherent,partial,unclear,theological_anthropology,NOT_ESTABLISHED,C,quarantine,"Claims of universal transcendence-seeking as evidence for spiritual reality are abductive and not empirically verified. | The use of 'g_coupling' as a mathematical formalism may imply a physical model that is not supported. | The prosecution's arguments rely on scriptural authority, which is not universally accepted as evidence.","If soul and spirit are proven to be identical in biblical usage, the distinction fails. | If regeneration is shown to have no effect on spiritual perception, the activation claim fails. | If communion with God is possible without an active human spirit, the necessity of the spirit as interface fails.",Theological anthropology: trichotomy as a coherent model for spiritual experience and regeneration.,"This document argues that humans have a spirit distinct from the soul, which is dormant before regeneration and becomes active after, enabling communion with God. It critiques dichotomism, secular anthropology, and materialism. However, the arguments are primarily theological and scriptural, not empirically proven, so the claims are not established as scientific facts."
H05_Flesh.md,H05_Flesh,The Flesh (Sarx): Sin Nature and Warfare,"The flesh (sarx) is the sin-nature pattern - a real, persistent decoherence attractor in the soul. It cannot be reformed, only crucified. It wars against the spirit until glorification.","Flesh (sarx): The sin nature pattern inherited from Adam, not the physical body (soma). | Decoherence attractor: A state in the soul's dynamics that pulls toward sin, death, and separation from God. | Spirit: The regenerated human spirit, oriented toward God, producing coherence and life. | Crucifixion: The act of identifying with Christ's death, breaking the flesh's dominance. | Glorification: The future state where the flesh is completely eliminated.","The system should treat the flesh as an unreformable, inherited sin nature that requires crucifixion and ongoing Spirit-walking for victory, not self-improvement.",Does not equate the flesh with the physical body. | Does not claim sinless perfection is attainable in this life. | Does not deny human responsibility for yielding to flesh or Spirit. | Does not provide a mechanism for eliminating the flesh before glorification.,"Check that the flesh is defined as a sin nature, not the body. | Check that the flesh is described as inherited from Adam. | Check that the flesh is described as unreformable. | Check that the solution is crucifixion and Spirit-walking, not self-help. | Check that the flesh remains until glorification.","Axioms 100-107 (HF.1-HF.8) as listed in the document. | Scripture references (Romans, Galatians, 2 Corinthians). | Theological sources (Nee, Murray, Lloyd-Jones).","Provides a formalized model of the flesh as a decoherence attractor, enabling integration with dynamical systems language.",Preserves the core theological claim that the flesh is unreformable and requires crucifixion.,"If the flesh is removed, the entire doctrine of sin nature and the need for crucifixion collapses, undermining the case against Pelagianism and self-help.","Theological register: sin nature, crucifixion, Spirit-walking. | Dynamical systems register: attractor, decoherence, counter-force. | Empirical register: universal sin, failure of self-improvement.",coherent,yes,unclear,theological_doctrine,NOT_ESTABLISHED,C,quarantine,"Claims empirical evidence for inherited sin without rigorous data. | Uses mathematical formalism (attractors) without formal proof. | Declares verdicts against Pelagianism, Moral Optimism, Self-Help Gospel as 'guilty' without formal adjudication. | Assumes universal sinfulness based on anecdotal observations.","If humans are born morally neutral, the flesh as inherited sin nature fails. | If the flesh can be reformed, the need for crucifixion is negated. | If believers do not struggle with the flesh, the warfare model is false. | If walking by the Spirit does not produce victory, the strategy fails.","Reduce overstatement by clearly labeling the mathematical formalism as metaphorical, and the empirical claims as theological assertions rather than proven facts.","This document presents the doctrine of the flesh as an inherited sin nature that cannot be reformed but must be crucified, and argues against Pelagianism, moral optimism, and self-help. It uses a mix of theological argument, empirical observation, and mathematical metaphor. The core claims are coherent but not formally proven; the mathematical formalism is illustrative, not rigorous."
H06_Consciousness.md,H06_Consciousness,Consciousness and Phi,Consciousness is integrated information (Phi). Phi > 0 is the mark of a genuine observer. Computers have Phi = 0 and are not conscious. God has Phi = .,"Consciousness: Integrated information, measured by Phi. | Phi (phi): The amount of integrated information in a system. | Information: Differentiation - the system is in one state rather than another. | Integration: The information is unified - the whole is more than the parts. | Observer: A system with Phi > 0 capable of collapsing wave functions. | Simulation: A behavioral replica that does not instantiate the original's properties.","Adopt IIT as the framework for consciousness; treat Phi > 0 as the criterion for consciousness and observer status; reject functionalism, computationalism, and eliminativism; integrate divine consciousness as maximal Phi.",Does not provide a practical method to compute Phi for large systems. | Does not explain the 'hard problem' of why Phi produces subjective experience. | Does not claim that all systems with Phi > 0 are equally conscious; richness varies with Phi. | Does not assert that consciousness is the only factor in quantum collapse; the mechanism remains open.,Check that the definition of consciousness as Phi is consistent with IIT literature. | Verify that the claim 'computers have Phi = 0' is supported by IIT's mathematical framework. | Ensure that the derivation does not conflate simulation with instantiation. | Confirm that the boundary conditions are respected in subsequent arguments.,Axioms 108-114 (HC.1-HC.7) | IIT foundational theory (Tononi) | Quantum measurement theory (for observer function),"Provides a quantitative criterion (Phi) for consciousness, enabling objective distinction between conscious and non-conscious systems, and linking consciousness to quantum observation.","Preserves the reality of human consciousness and its irreducibility to computation, while grounding divine consciousness as maximal.","If Phi is not a valid measure of consciousness, the entire framework collapses, including the observer function and the distinction between humans and computers.",IIT: Phi as integrated information | Quantum mechanics: observer-induced collapse | Theology: divine omniscience as maximal Phi,coherent,partial,unclear,Theoretical identity claim,NOT_ESTABLISHED,C,Quarantine as a theoretical proposal; require further empirical and mathematical validation before integration.,Claims Phi > 0 is necessary and sufficient for consciousness without conclusive empirical evidence. | Asserts computers have Phi = 0 without rigorous computation for real architectures. | Equates divine consciousness with infinite Phi without theological or mathematical justification. | Uses IIT as established fact rather than a contested theory.,"If IIT is falsified or shown to be non-computable for relevant systems. | If a counterexample is found where Phi = 0 but consciousness is present, or vice versa. | If quantum collapse is shown to not require conscious observation.",Refine the axiom to state 'Phi is a proposed measure of consciousness' and avoid absolute claims until further validation.,"This document proposes that consciousness is identical to integrated information (Phi), a measure from IIT. It argues that computers, having Phi = 0, are not conscious, while God has infinite Phi. The document critiques functionalism, computationalism, and eliminativism. However, the identity claim is not proven; it is a theoretical proposal with significant overstatements."
